0	0	ros2cpp/navigationlaunchpy_20.txt	1
0	0	ros2cpp/navigationlaunchpy_19.txt	1
1	0	camera_lidar/classcvKalmanFilterh_4.txt	1
1	0	camera_lidar/classcvKalmanFilterh_1.txt	1
1	0	camera_lidar/classcvKalmanFilterh_3.txt	1
1	0	camera_lidar/classcvKalmanFilterh_2.txt	1
2	0	gazebo/indexhtml_2.txt	1
2	0	gazebo/indexhtml_3.txt	1
2	0	gazebo/indexhtml_1.txt	1
2	0	gazebo/indexhtml_4.txt	1
3	0	ros_file_convert/rosbags_0.txt	1
3	0	ros_file_convert/rosbags_1.txt	1
4	0	pthread_not_declared/pthreadmutexinithtml_5.txt	1
5	0	costmap_subscript/nav2costmap2d2Fplugi_14.txt	1
5	0	costmap_subscript/nav2costmap2d2Fplugi_15.txt	1
6	0	launch_moveit/b634e96c2f080ab38780_4.txt	1
6	0	launch_moveit/b634e96c2f080ab38780_5.txt	1
7	0	gazebo_plugin/MulticopterVelocityC1_9.txt	1
7	0	gazebo_plugin/MulticopterVelocityC_1.txt	1
7	0	gazebo_plugin/MulticopterVelocityC1_7.txt	1
7	0	gazebo_plugin/MulticopterVelocityC1_5.txt	1
7	0	gazebo_plugin/MulticopterVelocityC1_10.txt	1
7	0	gazebo_plugin/MulticopterVelocityC_2.txt	1
7	0	gazebo_plugin/MulticopterVelocityC1_4.txt	1
7	0	gazebo_plugin/MulticopterVelocityC1_6.txt	1
7	0	gazebo_plugin/MulticopterVelocityC_5.txt	1
7	0	gazebo_plugin/MulticopterVelocityC_0.txt	1
7	0	gazebo_plugin/MulticopterVelocityC1_8.txt	1
7	0	gazebo_plugin/MulticopterVelocityC1_2.txt	1
7	0	gazebo_plugin/MulticopterVelocityC1_3.txt	1
7	0	gazebo_plugin/MulticopterVelocityC1_0.txt	1
7	0	gazebo_plugin/MulticopterVelocityC_3.txt	1
7	0	gazebo_plugin/MulticopterVelocityC_4.txt	1
7	0	gazebo_plugin/MulticopterVelocityC1_1.txt	1
8	0	image_callback/AboutExecutorshtml_10.txt	1
8	0	image_callback/AboutExecutorshtml_11.txt	1
8	0	image_callback/AboutExecutorshtml_12.txt	1
8	0	image_callback/AboutExecutorshtml_13.txt	1
9	0	arduino/ros2serialinterface_7.txt	1
9	0	arduino/ros2serialinterface_6.txt	1
10	0	image_process/imageproc_35.txt	1
10	0	image_process/imageproc_56.txt	1
10	0	image_process/imageproc_50.txt	1
10	0	image_process/imageproc_58.txt	1
10	0	image_process/imageproc_51.txt	1
10	0	image_process/imageproc_64.txt	1
10	0	image_process/imageproc_44.txt	1
10	0	image_process/imageproc_37.txt	1
10	0	image_process/imageproc_36.txt	1
10	0	image_process/imageproc_42.txt	1
10	0	image_process/imageproc_43.txt	1
10	0	image_process/imageproc_39.txt	1
10	0	image_process/imageproc_57.txt	1
10	0	image_process/imageproc_63.txt	1
10	0	image_process/imageproc_60.txt	1
10	0	image_process/imageproc_52.txt	1
10	0	image_process/imageproc_46.txt	1
10	0	image_process/imageproc_54.txt	1
10	0	image_process/imageproc_49.txt	1
10	0	image_process/imageproc_61.txt	1
10	0	image_process/imageproc_53.txt	1
10	0	image_process/imageproc_40.txt	1
10	0	image_process/imageproc_45.txt	1
10	0	image_process/imageproc_55.txt	1
10	0	image_process/imageproc_48.txt	1
10	0	image_process/imageproc_65.txt	1
11	0	additional_argument/lambdacpp_0.txt	1
12	0	number_commands/differentupdaterates_7.txt	1
12	0	number_commands/differentupdaterates_12.txt	1
12	0	number_commands/differentupdaterates_10.txt	1
12	0	number_commands/differentupdaterates_11.txt	1
12	0	number_commands/differentupdaterates_6.txt	1
12	0	number_commands/differentupdaterates_9.txt	1
12	0	number_commands/differentupdaterates_13.txt	1
13	0	ros_launch/whatistheuseofsymlin_35.txt	1
14	0	odometry_trajectory/PlotJuggler_78.txt	1
14	0	odometry_trajectory/PlotJuggler_85.txt	1
14	0	odometry_trajectory/PlotJuggler_87.txt	1
14	0	odometry_trajectory/PlotJuggler_79.txt	1
14	0	odometry_trajectory/PlotJuggler_84.txt	1
14	0	odometry_trajectory/PlotJuggler_81.txt	1
14	0	odometry_trajectory/PlotJuggler_80.txt	1
14	0	odometry_trajectory/PlotJuggler_82.txt	1
14	0	odometry_trajectory/PlotJuggler_86.txt	1
15	0	spawn_entity/migratinggazeboclass_35.txt	1
16	0	nv_planner/230715236pdf_1.txt	1
16	0	nv_planner/230715236pdf_4.txt	1
16	0	nv_planner/230715236pdf_10.txt	1
16	0	nv_planner/230715236pdf_5.txt	1
16	0	nv_planner/230715236pdf_6.txt	1
16	0	nv_planner/230715236pdf_14.txt	1
16	0	nv_planner/230715236pdf_9.txt	1
16	0	nv_planner/230715236pdf_13.txt	1
16	0	nv_planner/230715236pdf_16.txt	1
16	0	nv_planner/230715236pdf_7.txt	1
16	0	nv_planner/230715236pdf_0.txt	1
16	0	nv_planner/230715236pdf_3.txt	1
16	0	nv_planner/230715236pdf_18.txt	1
16	0	nv_planner/230715236pdf_20.txt	1
16	0	nv_planner/230715236pdf_11.txt	1
16	0	nv_planner/230715236pdf_19.txt	1
16	0	nv_planner/230715236pdf_17.txt	1
16	0	nv_planner/230715236pdf_2.txt	1
16	0	nv_planner/230715236pdf_12.txt	1
16	0	nv_planner/230715236pdf_8.txt	1
16	0	nv_planner/230715236pdf_15.txt	1
17	0	ros2humble/UbuntuDevelopmentSet_9.txt	1
17	0	ros2humble/UbuntuDevelopmentSet_8.txt	1
17	0	ros2humble/UbuntuDevelopmentSet_7.txt	1
17	0	ros2humble/UbuntuDevelopmentSet_10.txt	1
17	0	ros2humble/UbuntuDevelopmentSet_11.txt	1
18	0	hardware_communicate/ethercatdriverros2_42.txt	1
18	0	hardware_communicate/ethercatdriverros2_41.txt	1
19	0	ros_regular/componentparserhpp_0.txt	1
20	0	hardware_control/1240_21.txt	1
20	0	hardware_control/1240_20.txt	1
20	0	hardware_control/1240_33.txt	1
20	0	hardware_control/1240_30.txt	1
20	0	hardware_control/1240_12.txt	1
20	0	hardware_control/1240_23.txt	1
20	0	hardware_control/1240_16.txt	1
20	0	hardware_control/1240_38.txt	1
20	0	hardware_control/1240_34.txt	1
20	0	hardware_control/1240_10.txt	1
20	0	hardware_control/1240_29.txt	1
20	0	hardware_control/1240_15.txt	1
20	0	hardware_control/1240_32.txt	1
20	0	hardware_control/1240_26.txt	1
20	0	hardware_control/1240_17.txt	1
20	0	hardware_control/1240_28.txt	1
20	0	hardware_control/1240_9.txt	1
20	0	hardware_control/1240_4.txt	1
20	0	hardware_control/1240_5.txt	1
20	0	hardware_control/1240_6.txt	1
20	0	hardware_control/1240_19.txt	1
20	0	hardware_control/1240_8.txt	1
20	0	hardware_control/1240_24.txt	1
20	0	hardware_control/1240_35.txt	1
20	0	hardware_control/1240_25.txt	1
20	0	hardware_control/1240_27.txt	1
20	0	hardware_control/1240_14.txt	1
20	0	hardware_control/1240_18.txt	1
20	0	hardware_control/1240_37.txt	1
20	0	hardware_control/1240_13.txt	1
20	0	hardware_control/1240_31.txt	1
20	0	hardware_control/1240_3.txt	1
20	0	hardware_control/1240_22.txt	1
21	0	automap_project/OctomapServercfg_0.txt	1
22	0	motor_resistor/9370_0.txt	1
23	0	subscriber_interface/topicbasedsystemcppL_3.txt	1
24	0	robot_stop/usingcollisionmonito_523.txt	1
24	0	robot_stop/usingcollisionmonito_536.txt	1
24	0	robot_stop/usingcollisionmonito_524.txt	1
24	0	robot_stop/usingcollisionmonito_532.txt	1
24	0	robot_stop/usingcollisionmonito_527.txt	1
24	0	robot_stop/usingcollisionmonito_526.txt	1
24	0	robot_stop/usingcollisionmonito_529.txt	1
24	0	robot_stop/usingcollisionmonito_540.txt	1
24	0	robot_stop/usingcollisionmonito_542.txt	1
24	0	robot_stop/usingcollisionmonito_534.txt	1
24	0	robot_stop/usingcollisionmonito_528.txt	1
24	0	robot_stop/usingcollisionmonito_537.txt	1
24	0	robot_stop/usingcollisionmonito_533.txt	1
24	0	robot_stop/usingcollisionmonito_535.txt	1
24	0	robot_stop/usingcollisionmonito_539.txt	1
24	0	robot_stop/usingcollisionmonito_541.txt	1
24	0	robot_stop/usingcollisionmonito_531.txt	1
24	0	robot_stop/usingcollisionmonito_530.txt	1
25	0	robot_euler_angle/Eulerangles_5.txt	1
26	0	diffdrive/userdochtml_4.txt	1
26	0	diffdrive/diffdrivecontrollerp_2.txt	1
26	0	diffdrive/userdochtml_1.txt	1
26	0	diffdrive/diffdrivecontrollerp_4.txt	1
26	0	diffdrive/userdochtml_2.txt	1
26	0	diffdrive/userdochtml_3.txt	1
27	0	underwater_simulation/uuvplumesimulatorros_6.txt	1
27	0	underwater_simulation/uuvplumesimulatorros_7.txt	1
28	0	rosgzbridge/humble_10.txt	1
28	0	rosgzbridge/humble_9.txt	1
29	0	Odometry/gotw91solutionsmartp_15.txt	1
30	0	move_group_interface/movegroupinterfacecp_23.txt	1
30	0	move_group_interface/movegroupinterfacecp_22.txt	1
31	0	realtime_control/topicbasedros2contro_42.txt	1
31	0	realtime_control/topicbasedros2contro_44.txt	1
32	0	bounding_box_rviz/moveitvisualtools_8.txt	1
32	0	bounding_box_rviz/moveitvisualtools_9.txt	1
32	0	bounding_box_rviz/moveitvisualtools_7.txt	1
32	0	bounding_box_rviz/moveitvisualtools_10.txt	1
33	0	turtle_bot4/memberfunctionscpp_0.txt	1
33	0	turtle_bot4/memberfunctionscpp_2.txt	1
34	0	makearobot/mobilerobotfulllist_0.txt	1
35	0	srvmsg/Posemsg_0.txt	1
35	0	srvmsg/LaserScanmsg_0.txt	1
36	0	can_message/indexhtml_5.txt	1
36	0	can_message/indexhtml_4.txt	1
37	0	custom_bt/opennavcoveragebt_1.txt	1
38	0	navsetplugin/tutorialstutsdformat_3.txt	1
38	0	navsetplugin/sphericalcoordinates_3.txt	1
38	0	navsetplugin/tutorialstutsdformat_2.txt	1
38	0	navsetplugin/sphericalcoordinates_2.txt	1
38	0	navsetplugin/sphericalcoordinates_5.txt	1
38	0	navsetplugin/sphericalcoordinates_4.txt	1
38	0	navsetplugin/sphericalcoordinates_1.txt	1
39	0	ros2_driver/ros2ousterdrivers_30.txt	1
39	0	ros2_driver/ros2ousterdrivers_28.txt	1
39	0	ros2_driver/ros2ousterdrivers_36.txt	1
39	0	ros2_driver/ros2ousterdrivers_37.txt	1
39	0	ros2_driver/ros2ousterdrivers_38.txt	1
39	0	ros2_driver/ros2ousterdrivers_31.txt	1
39	0	ros2_driver/ros2ousterdrivers_47.txt	1
39	0	ros2_driver/ros2ousterdrivers_22.txt	1
39	0	ros2_driver/ros2ousterdrivers_33.txt	1
39	0	ros2_driver/ros2ousterdrivers_23.txt	1
39	0	ros2_driver/ros2ousterdrivers_35.txt	1
39	0	ros2_driver/ros2ousterdrivers_52.txt	1
39	0	ros2_driver/ros2ousterdrivers_49.txt	1
39	0	ros2_driver/ros2ousterdrivers_43.txt	1
39	0	ros2_driver/ros2ousterdrivers_24.txt	1
39	0	ros2_driver/ros2ousterdrivers_46.txt	1
39	0	ros2_driver/ros2ousterdrivers_26.txt	1
39	0	ros2_driver/ros2ousterdrivers_48.txt	1
39	0	ros2_driver/ros2ousterdrivers_44.txt	1
39	0	ros2_driver/ros2ousterdrivers_42.txt	1
39	0	ros2_driver/ros2ousterdrivers_39.txt	1
39	0	ros2_driver/ros2ousterdrivers_45.txt	1
39	0	ros2_driver/ros2ousterdrivers_29.txt	1
39	0	ros2_driver/ros2ousterdrivers_32.txt	1
39	0	ros2_driver/ros2ousterdrivers_41.txt	1
39	0	ros2_driver/ros2ousterdrivers_27.txt	1
39	0	ros2_driver/ros2ousterdrivers_34.txt	1
39	0	ros2_driver/ros2ousterdrivers_51.txt	1
39	0	ros2_driver/ros2ousterdrivers_50.txt	1
39	0	ros2_driver/ros2ousterdrivers_40.txt	1
40	0	ackermann/userdochtml1_1.txt	1
40	0	ackermann/userdochtml1_4.txt	1
40	0	ackermann/userdochtml1_3.txt	1
40	0	ackermann/userdochtml1_2.txt	1
40	0	ackermann/userdochtml_1.txt	1
41	0	noetic/dpkg1html_9.txt	1
41	0	noetic/dpkg1html_8.txt	1
42	0	vscode_gazebo/vscodedockerros2_18.txt	1
42	0	vscode_gazebo/vscodedockerros2_23.txt	1
42	0	vscode_gazebo/vscodedockerros2_24.txt	1
42	0	vscode_gazebo/vscodedockerros2_6.txt	1
42	0	vscode_gazebo/vscodedockerros2_26.txt	1
42	0	vscode_gazebo/vscodedockerros2_10.txt	1
42	0	vscode_gazebo/vscodedockerros2_20.txt	1
42	0	vscode_gazebo/vscodedockerros2_25.txt	1
42	0	vscode_gazebo/vscodedockerros2_17.txt	1
42	0	vscode_gazebo/vscodedockerros2_27.txt	1
42	0	vscode_gazebo/vscodedockerros2_21.txt	1
42	0	vscode_gazebo/vscodedockerros2_8.txt	1
42	0	vscode_gazebo/vscodedockerros2_22.txt	1
42	0	vscode_gazebo/vscodedockerros2_19.txt	1
42	0	vscode_gazebo/vscodedockerros2_4.txt	1
42	0	vscode_gazebo/vscodedockerros2_5.txt	1
43	0	spawn_gui/gazebomaincc_6.txt	1
43	0	spawn_gui/gazebomaincc_4.txt	1
43	0	spawn_gui/gazebomaincc_3.txt	1
43	0	spawn_gui/gazebomaincc_0.txt	1
43	0	spawn_gui/gazebomaincc_2.txt	1
43	0	spawn_gui/gazebomaincc_1.txt	1
43	0	spawn_gui/gazebomaincc_5.txt	1
44	0	posepublish/PosePublisherhh_0.txt	1
44	0	posepublish/PosePublisherhh_1.txt	1
45	0	planner_selector/plannerselectornodec_0.txt	1
45	0	planner_selector/plannerselectornodec_1.txt	1
46	0	access_urdf/709_3.txt	1
47	0	prismatic_join/userdochtml_2.txt	1
47	0	prismatic_join/userdochtml_4.txt	1
47	0	prismatic_join/userdochtml_3.txt	1
47	0	prismatic_join/userdochtml_1.txt	1
48	0	roslib_message/ros2actionclienthtml_1.txt	1
48	0	roslib_message/ros2actionclienthtml_0.txt	1
49	0	ros_yaml/yamlparampassinglaun_0.txt	1
50	0	gazebo_tag/tutorialstutrosurdfc_9.txt	1
50	0	gazebo_tag/tutorialstutrosurdfc_0.txt	1
50	0	gazebo_tag/tutorialstutrosurdfc_6.txt	1
50	0	gazebo_tag/tutorialstutrosurdfc_1.txt	1
50	0	gazebo_tag/tutorialstutrosurdfc_8.txt	1
50	0	gazebo_tag/tutorialstutrosurdfc_3.txt	1
50	0	gazebo_tag/tutorialstutrosurdfc_4.txt	1
50	0	gazebo_tag/tutorialstutrosurdfc_11.txt	1
50	0	gazebo_tag/tutorialstutrosurdfc_2.txt	1
50	0	gazebo_tag/tutorialstutrosurdfc_10.txt	1
50	0	gazebo_tag/tutorialstutrosurdfc_5.txt	1
50	0	gazebo_tag/tutorialstutrosurdfc_7.txt	1
51	0	message_type/indexmsghtml_0.txt	1
52	0	rviz_browser/rosbridgesuite_9.txt	1
53	0	takeoff_rotation/transformationshtml_11.txt	1
53	0	takeoff_rotation/transformationshtml_7.txt	1
54	0	irobot_create3/networkconfig_16.txt	1
54	0	irobot_create3/networkconfig_14.txt	1
54	0	irobot_create3/networkconfig_15.txt	1
54	0	irobot_create3/networkconfig_12.txt	1
54	0	irobot_create3/networkconfig_13.txt	1
55	0	ros2_dependency/indexhtml_13.txt	1
55	0	ros2_dependency/indexhtml_14.txt	1
55	0	ros2_dependency/indexhtml_15.txt	1
55	0	ros2_dependency/indexhtml_16.txt	1
55	0	ros2_dependency/indexhtml_11.txt	1
55	0	ros2_dependency/indexhtml_12.txt	1
56	0	octomap_publish/WritingASimpleCppPub_19.txt	1
57	0	missing_module/gitmodules_0.txt	1
58	0	depth_frame/315issuecomment69903_18.txt	1
58	0	depth_frame/315issuecomment69903_17.txt	1
58	0	depth_frame/315issuecomment69903_19.txt	1
59	0	nodenow/clockandtimehtml_17.txt	1
59	0	nodenow/clockandtimehtml_15.txt	1
59	0	nodenow/clockandtimehtml_5.txt	1
59	0	nodenow/clockandtimehtml_10.txt	1
59	0	nodenow/clockandtimehtml_4.txt	1
59	0	nodenow/clockandtimehtml_14.txt	1
59	0	nodenow/clockandtimehtml_16.txt	1
59	0	nodenow/clockandtimehtml_2.txt	1
59	0	nodenow/clockandtimehtml_8.txt	1
59	0	nodenow/clockandtimehtml_18.txt	1
59	0	nodenow/clockandtimehtml_7.txt	1
59	0	nodenow/clockandtimehtml_3.txt	1
59	0	nodenow/clockandtimehtml_11.txt	1
59	0	nodenow/clockandtimehtml_13.txt	1
59	0	nodenow/clockandtimehtml_9.txt	1
60	0	rosparam/XMLEvaluationorder_13.txt	1
61	0	crazy_file_add_variable/pythonapi_100.txt	1
62	0	odom_transform/WritingATf2Broadcast_23.txt	1
62	0	odom_transform/WritingATf2Broadcast_15.txt	1
62	0	odom_transform/WritingATf2Broadcast_21.txt	1
62	0	odom_transform/WritingATf2Broadcast_25.txt	1
62	0	odom_transform/WritingATf2Broadcast_16.txt	1
62	0	odom_transform/WritingATf2Broadcast_13.txt	1
62	0	odom_transform/WritingATf2Broadcast_22.txt	1
62	0	odom_transform/WritingATf2Broadcast_8.txt	1
62	0	odom_transform/WritingATf2Broadcast_14.txt	1
62	0	odom_transform/WritingATf2Broadcast_9.txt	1
62	0	odom_transform/WritingATf2Broadcast_19.txt	1
62	0	odom_transform/WritingATf2Broadcast_24.txt	1
62	0	odom_transform/WritingATf2Broadcast_20.txt	1
62	0	odom_transform/WritingATf2Broadcast_17.txt	1
62	0	odom_transform/WritingATf2Broadcast_11.txt	1
62	0	odom_transform/WritingATf2Broadcast_12.txt	1
62	0	odom_transform/WritingATf2Broadcast_18.txt	1
63	0	ros_convert/ros2_5.txt	1
64	0	lifecycle_deactivate/1103_6.txt	1
64	0	lifecycle_deactivate/1103_5.txt	1
64	0	lifecycle_deactivate/1103_3.txt	1
64	0	lifecycle_deactivate/1103_4.txt	1
65	0	set_position_ros2/userdochtml_1.txt	1
66	0	rclcpp_service_action/Cpphtml_34.txt	1
66	0	rclcpp_service_action/Cpphtml_30.txt	1
66	0	rclcpp_service_action/Cpphtml_35.txt	1
66	0	rclcpp_service_action/Cpphtml_32.txt	1
66	0	rclcpp_service_action/Cpphtml_31.txt	1
66	0	rclcpp_service_action/Cpphtml_37.txt	1
66	0	rclcpp_service_action/Cpphtml_28.txt	1
66	0	rclcpp_service_action/Cpphtml_33.txt	1
66	0	rclcpp_service_action/Cpphtml_29.txt	1
66	0	rclcpp_service_action/Cpphtml_27.txt	1
67	0	teb_controller/30054_15.txt	1
68	0	ros2_camera/ros2imagepipelinetut_15.txt	1
68	0	ros2_camera/ros2imagepipelinetut_9.txt	1
68	0	ros2_camera/ros2imagepipelinetut_5.txt	1
68	0	ros2_camera/ros2imagepipelinetut_3.txt	1
68	0	ros2_camera/ros2imagepipelinetut_2.txt	1
68	0	ros2_camera/ros2imagepipelinetut_11.txt	1
68	0	ros2_camera/ros2imagepipelinetut_13.txt	1
68	0	ros2_camera/ros2imagepipelinetut_8.txt	1
68	0	ros2_camera/ros2imagepipelinetut_10.txt	1
68	0	ros2_camera/ros2imagepipelinetut_12.txt	1
68	0	ros2_camera/ros2imagepipelinetut_4.txt	1
68	0	ros2_camera/ros2imagepipelinetut_16.txt	1
68	0	ros2_camera/ros2imagepipelinetut_6.txt	1
68	0	ros2_camera/ros2imagepipelinetut_7.txt	1
69	0	joint_controller_velocity/558_15.txt	1
69	0	joint_controller_velocity/558_13.txt	1
69	0	joint_controller_velocity/558_3.txt	1
69	0	joint_controller_velocity/558_11.txt	1
69	0	joint_controller_velocity/558_6.txt	1
69	0	joint_controller_velocity/558_16.txt	1
69	0	joint_controller_velocity/558_4.txt	1
69	0	joint_controller_velocity/558_12.txt	1
69	0	joint_controller_velocity/558_14.txt	1
70	0	camera_plugin/posepublishersdf_4.txt	1
70	0	camera_plugin/posepublishersdf_6.txt	1
70	0	camera_plugin/posepublishersdf_0.txt	1
70	0	camera_plugin/posepublishersdf_2.txt	1
70	0	camera_plugin/posepublishersdf_1.txt	1
70	0	camera_plugin/posepublishersdf_5.txt	1
70	0	camera_plugin/posepublishersdf_3.txt	1
71	0	webots_plugin/turtlebotwebotsurdfL_0.txt	1
72	0	crazyswarm/usagehtmlcrazyfliesy_5.txt	1
72	0	crazyswarm/usagehtmlcrazyfliesy_3.txt	1
72	0	crazyswarm/usagehtmlcrazyfliesy_4.txt	1
73	0	visual_marker/visualservoingingaze_11.txt	1
73	0	visual_marker/visualservoingingaze_8.txt	1
73	0	visual_marker/visualservoingingaze_1.txt	1
73	0	visual_marker/visualservoingingaze_5.txt	1
73	0	visual_marker/visualservoingingaze_4.txt	1
73	0	visual_marker/visualservoingingaze_12.txt	1
73	0	visual_marker/visualservoingingaze_7.txt	1
73	0	visual_marker/visualservoingingaze_3.txt	1
73	0	visual_marker/visualservoingingaze_9.txt	1
73	0	visual_marker/visualservoingingaze_6.txt	1
73	0	visual_marker/visualservoingingaze_10.txt	1
73	0	visual_marker/visualservoingingaze_2.txt	1
74	0	galactic/Releaseshtml_7.txt	1
75	0	realtime_ros2/realsenseros_9.txt	1
75	0	realtime_ros2/realsenseros_8.txt	1
76	0	detachable_joint/detachablejointsmd_5.txt	1
77	0	point_cloud/pclros_92.txt	1
77	0	point_cloud/pclros_90.txt	1
77	0	point_cloud/pclros_93.txt	1
77	0	point_cloud/pclros_91.txt	1
78	0	use_sim_time/1810_6.txt	1
78	0	use_sim_time/1810_5.txt	1
78	0	use_sim_time/1810_7.txt	1
78	0	use_sim_time/1810_3.txt	1
78	0	use_sim_time/1810_4.txt	1
79	0	imu_gazebo/Sensorcc_3.txt	1
80	0	ros_environment_variable/EnvironmentVariables_29.txt	1
80	0	ros_environment_variable/EnvironmentVariables_18.txt	1
80	0	ros_environment_variable/EnvironmentVariables_8.txt	1
80	0	ros_environment_variable/EnvironmentVariables_7.txt	1
80	0	ros_environment_variable/EnvironmentVariables_24.txt	1
80	0	ros_environment_variable/EnvironmentVariables_31.txt	1
80	0	ros_environment_variable/EnvironmentVariables_6.txt	1
80	0	ros_environment_variable/EnvironmentVariables_10.txt	1
80	0	ros_environment_variable/EnvironmentVariables_30.txt	1
81	0	nav2bringup/READMEmd_1.txt	1
81	0	nav2bringup/READMEmd_0.txt	1
81	0	nav2bringup/READMEmd_2.txt	1
82	0	dynamic_reconfig/dwaplannerroscpp_2.txt	1
83	0	setupbash/environmenthtmlworks_4.txt	1
84	0	teleopanel/panelplugintutorialh_25.txt	1
84	0	teleopanel/panelplugintutorialh_27.txt	1
84	0	teleopanel/panelplugintutorialh_12.txt	1
84	0	teleopanel/panelplugintutorialh_13.txt	1
84	0	teleopanel/panelplugintutorialh_22.txt	1
84	0	teleopanel/panelplugintutorialh_16.txt	1
84	0	teleopanel/panelplugintutorialh_14.txt	1
84	0	teleopanel/panelplugintutorialh_4.txt	1
84	0	teleopanel/panelplugintutorialh_8.txt	1
84	0	teleopanel/panelplugintutorialh_6.txt	1
84	0	teleopanel/panelplugintutorialh_28.txt	1
84	0	teleopanel/panelplugintutorialh_20.txt	1
84	0	teleopanel/panelplugintutorialh_3.txt	1
84	0	teleopanel/panelplugintutorialh_7.txt	1
84	0	teleopanel/panelplugintutorialh_18.txt	1
84	0	teleopanel/panelplugintutorialh_9.txt	1
84	0	teleopanel/panelplugintutorialh_19.txt	1
84	0	teleopanel/panelplugintutorialh_17.txt	1
84	0	teleopanel/panelplugintutorialh_21.txt	1
84	0	teleopanel/panelplugintutorialh_26.txt	1
84	0	teleopanel/panelplugintutorialh_5.txt	1
84	0	teleopanel/panelplugintutorialh_24.txt	1
84	0	teleopanel/panelplugintutorialh_1.txt	1
84	0	teleopanel/panelplugintutorialh_23.txt	1
84	0	teleopanel/panelplugintutorialh_11.txt	1
84	0	teleopanel/panelplugintutorialh_10.txt	1
84	0	teleopanel/panelplugintutorialh_15.txt	1
85	0	dist_packages/4046_6.txt	1
85	0	dist_packages/4046_5.txt	1
85	0	dist_packages/4046_3.txt	1
85	0	dist_packages/4046_4.txt	1
86	0	ros_instantiate/classrosbag11Message_4.txt	1
86	0	ros_instantiate/classrosbag11Message_3.txt	1
87	0	source_install/installubuntusrc_2.txt	1
87	0	source_install/installubuntusrc_1.txt	1
87	0	source_install/installubuntusrc_3.txt	1
88	0	interface_name/configurefilehtml_4.txt	1
88	0	interface_name/configurefilehtml_2.txt	1
88	0	interface_name/configurefilehtml_0.txt	1
88	0	interface_name/configurefilehtml_3.txt	1
88	0	interface_name/configurefilehtml_1.txt	1
89	0	moveit_config/setupassistanttutori_3.txt	1
89	0	moveit_config/setupassistanttutori_4.txt	1
89	0	moveit_config/setupassistanttutori_2.txt	1
89	0	moveit_config/setupassistanttutori_6.txt	1
89	0	moveit_config/setupassistanttutori_5.txt	1
89	0	moveit_config/setupassistanttutori_1.txt	1
90	0	rosserial/rosserial_10.txt	1
90	0	rosserial/rosserial_2.txt	1
90	0	rosserial/rosserial_3.txt	1
90	0	rosserial/rosserial_5.txt	1
90	0	rosserial/rosserial_12.txt	1
90	0	rosserial/rosserial_7.txt	1
90	0	rosserial/rosserial_14.txt	1
90	0	rosserial/rosserial_6.txt	1
90	0	rosserial/rosserial_4.txt	1
90	0	rosserial/rosserial_11.txt	1
90	0	rosserial/rosserial_8.txt	1
90	0	rosserial/rosserial_13.txt	1
91	0	numpy_msg/numpymsgpy_1.txt	1
92	0	colcon_doxygen/developingwithgzcmak_2.txt	1
93	0	rosdep_install/1478_5.txt	1
93	0	rosdep_install/1478_4.txt	1
93	0	rosdep_install/1478_3.txt	1
93	0	rosdep_install/1478_8.txt	1
93	0	rosdep_install/1478_6.txt	1
93	0	rosdep_install/1478_7.txt	1
94	0	galactic_ros/galactic_38.txt	1
95	0	gazebo_detach/SuctionGrippercc_5.txt	1
96	0	python_compose/Featureshtml_8.txt	1
97	0	path_planning/p113_5.txt	1
97	0	path_planning/p113_9.txt	1
97	0	path_planning/p113_7.txt	1
97	0	path_planning/p113_0.txt	1
97	0	path_planning/p113_10.txt	1
97	0	path_planning/p113_11.txt	1
97	0	path_planning/p113_13.txt	1
97	0	path_planning/p113_2.txt	1
97	0	path_planning/p113_6.txt	1
97	0	path_planning/p113_8.txt	1
97	0	path_planning/p113_14.txt	1
97	0	path_planning/p113_1.txt	1
97	0	path_planning/p113_12.txt	1
98	0	coordinate_frame/rep0105html_2.txt	1
98	0	coordinate_frame/rep0105html_1.txt	1
98	0	coordinate_frame/rep0105html_3.txt	1
99	0	gz_sim/edit_45.txt	1
100	0	relative_path/PackagesClientLibrar_6.txt	1
