0	0	incineration/Incineration_91.txt	1
0	0	incineration/Incineration_88.txt	1
0	0	incineration/Incineration_9.txt	1
0	0	incineration/Incineration_90.txt	1
0	0	incineration/Incineration_93.txt	1
0	0	incineration/Incineration_66.txt	1
0	0	incineration/Incineration_62.txt	1
0	0	incineration/Incineration_78.txt	1
0	0	incineration/Waste-to-energy_plant_17.txt	1
0	0	incineration/Incineration_26.txt	1
0	0	incineration/Incineration_85.txt	1
0	0	incineration/Incineration_67.txt	1
0	0	incineration/Incineration_102.txt	1
0	0	incineration/Incineration_23.txt	1
0	0	incineration/Incineration_58.txt	1
0	0	incineration/Incineration_89.txt	1
0	0	incineration/Incineration_99.txt	1
0	0	incineration/Incineration_97.txt	1
0	0	incineration/Waste-to-energy_plant_18.txt	1
0	0	incineration/Incineration_22.txt	1
0	0	incineration/Incineration_103.txt	1
0	0	incineration/Incineration_92.txt	1
0	0	incineration/Incineration_34.txt	1
0	0	incineration/Incineration_84.txt	1
0	0	incineration/Incineration_73.txt	1
1	0	water_spray/what_does_reduce_reuse_recycle_mean_22.txt	1
2	0	biodegradable/biodegradableplasticblendsoffernewoptionsfordisposalhtml_4.txt	1
2	0	biodegradable/201905compostablefoodpfasenvironmenthtml_2.txt	1
3	0	Lithium_in_the_earth/Lithiumionbattery_117.txt	1
3	0	Lithium_in_the_earth/globalenergyconsumption_1.txt	1
3	0	Lithium_in_the_earth/Lithium_48.txt	1
3	0	Lithium_in_the_earth/WhatisthetotalmassoftheEarthscrust_2.txt	1
3	0	Lithium_in_the_earth/S2405844019347012_11.txt	1
4	0	perennial_crop/comfreytrialshtml_3.txt	1
5	0	hot_water_cylinder/Legionnaires27disease_17.txt	1
5	0	hot_water_cylinder/Legionella_22.txt	1
6	0	flight_carbon_neutral/sustainabilityatqantashtml_2.txt	1
6	0	flight_carbon_neutral/sustainabilityatqantashtml_10.txt	1
6	0	flight_carbon_neutral/sustainableaviationfuelhtml_4.txt	1
6	0	flight_carbon_neutral/sustainabilityatqantashtml_5.txt	1
6	0	flight_carbon_neutral/sustainabilityatqantashtml_6.txt	1
6	0	flight_carbon_neutral/carbonoffsettinghtml_3.txt	1
6	0	flight_carbon_neutral/sustainabilityatqantashtml_8.txt	1
6	0	flight_carbon_neutral/sustainabilityatqantashtml_4.txt	1
6	0	flight_carbon_neutral/sustainableaviationfuelhtml_2.txt	1
6	0	flight_carbon_neutral/flycarbonneutralhtml_7.txt	1
6	0	flight_carbon_neutral/sustainableaviationfuelhtml_5.txt	1
6	0	flight_carbon_neutral/sustainabilityatqantashtml_9.txt	1
6	0	flight_carbon_neutral/sustainabilityatqantashtml_3.txt	1
6	0	flight_carbon_neutral/carbonoffsettinghtml_2.txt	1
6	0	flight_carbon_neutral/sustainableaviationfuelhtml_3.txt	1
6	0	flight_carbon_neutral/sustainableaviationfuelhtml_6.txt	1
7	0	inner_insulation/Passivesolarbuildingdesign_5.txt	1
7	0	inner_insulation/Passivesolarbuildingdesign_49.txt	1
7	0	inner_insulation/Passivesolarbuildingdesign_53.txt	1
7	0	inner_insulation/Passivesolarbuildingdesign_47.txt	1
7	0	inner_insulation/Passivesolarbuildingdesign_50.txt	1
7	0	inner_insulation/Passivesolarbuildingdesign_23.txt	1
7	0	inner_insulation/Passivesolarbuildingdesign_55.txt	1
7	0	inner_insulation/Passivesolarbuildingdesign_52.txt	1
7	0	inner_insulation/Passivesolarbuildingdesign_54.txt	1
8	0	washing_machines/sinnerscircle5149htm_7.txt	1
8	0	washing_machines/sinnerscircle5149htm_18.txt	1
8	0	washing_machines/sinnerscircle5149htm_16.txt	1
9	0	charge_battery/kasasmartwifipowerstriphs300_4.txt	1
9	0	charge_battery/kasasmartwifipowerstriphs300_6.txt	1
9	0	charge_battery/kasasmartwifipowerstriphs300_5.txt	1
9	0	charge_battery/kasasmartwifipowerstriphs300_8.txt	1
9	0	charge_battery/kasasmartwifipowerstriphs300_7.txt	1
10	0	wood_CO2/stationaryemissions32016pdf_50.txt	1
10	0	wood_CO2/stationaryemissions32016pdf_51.txt	1
11	0	electricity_switch_cars/20WWSItalypdf_6.txt	1
12	0	electricity_playground/y5686e06htm_8.txt	1
12	0	electricity_playground/10093AEfficiencyoftheHumanBody_15.txt	1
13	0	drought_garden/Xeriscaping_16.txt	1
13	0	drought_garden/Xeriscaping_15.txt	1
13	0	drought_garden/Xeriscaping_4.txt	1
13	0	drought_garden/Xeriscaping_12.txt	1
13	0	drought_garden/Xeriscaping_3.txt	1
13	0	drought_garden/Xeriscaping_18.txt	1
13	0	drought_garden/Xeriscaping_13.txt	1
13	0	drought_garden/Xeriscaping_9.txt	1
13	0	drought_garden/Xeriscaping_10.txt	1
13	0	drought_garden/Xeriscaping_8.txt	1
13	0	drought_garden/Xeriscaping_14.txt	1
13	0	drought_garden/Xeriscaping_7.txt	1
13	0	drought_garden/Xeriscaping_17.txt	1
13	0	drought_garden/Xeriscaping_11.txt	1
13	0	drought_garden/Xeriscaping_6.txt	1
13	0	drought_garden/Xeriscaping_5.txt	1
14	0	carbon_household/beopthtml_1.txt	1
15	0	sustainable_city_no_car/Compactcity_89.txt	1
15	0	sustainable_city_no_car/Compactcity_80.txt	1
15	0	sustainable_city_no_car/Compactcity_82.txt	1
15	0	sustainable_city_no_car/Compactcity_47.txt	1
15	0	sustainable_city_no_car/Compactcity_81.txt	1
15	0	sustainable_city_no_car/Compactcity_96.txt	1
15	0	sustainable_city_no_car/Compactcity_45.txt	1
15	0	sustainable_city_no_car/Compactcity_57.txt	1
15	0	sustainable_city_no_car/Compactcity_53.txt	1
15	0	sustainable_city_no_car/Compactcity_43.txt	1
15	0	sustainable_city_no_car/Compactcity_59.txt	1
15	0	sustainable_city_no_car/Compactcity_70.txt	1
15	0	sustainable_city_no_car/Compactcity_95.txt	1
15	0	sustainable_city_no_car/Compactcity_69.txt	1
15	0	sustainable_city_no_car/Compactcity_87.txt	1
15	0	sustainable_city_no_car/Compactcity_40.txt	1
15	0	sustainable_city_no_car/Compactcity_85.txt	1
15	0	sustainable_city_no_car/Compactcity_42.txt	1
15	0	sustainable_city_no_car/Compactcity_94.txt	1
15	0	sustainable_city_no_car/Compactcity_49.txt	1
15	0	sustainable_city_no_car/Compactcity_48.txt	1
15	0	sustainable_city_no_car/Compactcity_46.txt	1
15	0	sustainable_city_no_car/Compactcity_77.txt	1
15	0	sustainable_city_no_car/Compactcity_63.txt	1
15	0	sustainable_city_no_car/Compactcity_83.txt	1
15	0	sustainable_city_no_car/Compactcity_88.txt	1
15	0	sustainable_city_no_car/Compactcity_58.txt	1
15	0	sustainable_city_no_car/Compactcity_79.txt	1
15	0	sustainable_city_no_car/Compactcity_61.txt	1
15	0	sustainable_city_no_car/Compactcity_91.txt	1
15	0	sustainable_city_no_car/Compactcity_84.txt	1
15	0	sustainable_city_no_car/Compactcity_98.txt	1
15	0	sustainable_city_no_car/Compactcity_56.txt	1
15	0	sustainable_city_no_car/Compactcity_92.txt	1
15	0	sustainable_city_no_car/Compactcity_50.txt	1
15	0	sustainable_city_no_car/Compactcity_86.txt	1
15	0	sustainable_city_no_car/Compactcity_41.txt	1
15	0	sustainable_city_no_car/Compactcity_65.txt	1
15	0	sustainable_city_no_car/Compactcity_90.txt	1
15	0	sustainable_city_no_car/Compactcity_64.txt	1
15	0	sustainable_city_no_car/Compactcity_52.txt	1
15	0	sustainable_city_no_car/Compactcity_75.txt	1
15	0	sustainable_city_no_car/Compactcity_74.txt	1
15	0	sustainable_city_no_car/Compactcity_76.txt	1
15	0	sustainable_city_no_car/Compactcity_73.txt	1
15	0	sustainable_city_no_car/Compactcity_71.txt	1
15	0	sustainable_city_no_car/Compactcity_62.txt	1
15	0	sustainable_city_no_car/Compactcity_55.txt	1
15	0	sustainable_city_no_car/Compactcity_93.txt	1
15	0	sustainable_city_no_car/Compactcity_54.txt	1
15	0	sustainable_city_no_car/Compactcity_60.txt	1
15	0	sustainable_city_no_car/Compactcity_67.txt	1
15	0	sustainable_city_no_car/Compactcity_51.txt	1
15	0	sustainable_city_no_car/Compactcity_68.txt	1
15	0	sustainable_city_no_car/Compactcity_78.txt	1
16	0	spring_store_energy/S187661021502576Xpdf_7.txt	1
17	0	white_paper/howbleachdamagestheenvironmentandourhealth_94.txt	1
17	0	white_paper/howbleachdamagestheenvironmentandourhealth_103.txt	1
17	0	white_paper/howbleachdamagestheenvironmentandourhealth_92.txt	1
17	0	white_paper/howbleachdamagestheenvironmentandourhealth_88.txt	1
17	0	white_paper/howbleachdamagestheenvironmentandourhealth_98.txt	1
17	0	white_paper/howbleachdamagestheenvironmentandourhealth_96.txt	1
17	0	white_paper/howbleachdamagestheenvironmentandourhealth_101.txt	1
17	0	white_paper/papermakinghtml_13.txt	1
17	0	white_paper/howbleachdamagestheenvironmentandourhealth_90.txt	1
17	0	white_paper/howbleachdamagestheenvironmentandourhealth_106.txt	1
18	0	soil_restoration/Flailmower_42.txt	1
18	0	soil_restoration/Flailmower_43.txt	1
18	0	soil_restoration/Flailmower_44.txt	1
18	0	soil_restoration/Flailmower_41.txt	1
18	0	soil_restoration/Flailmower_45.txt	1
19	0	co2_emission_regulation/finalsafefriawebversion200701pdf_4476.txt	1
19	0	co2_emission_regulation/finalsafefriawebversion200701pdf_5127.txt	1
20	0	efficient/Oilheater_48.txt	1
20	0	efficient/Oilheater_50.txt	1
20	0	efficient/Oilheater_49.txt	1
20	0	efficient/Oilheater_47.txt	1
21	0	energy_bath/doityourselfsavingsprojectinsulatehotwaterpipes_67.txt	1
21	0	energy_bath/doityourselfsavingsprojectinsulatehotwaterpipes_68.txt	1
22	0	software_carbon/Emissionintensity_44.txt	1
22	0	software_carbon/Emissionintensity_51.txt	1
22	0	software_carbon/Emissionintensity_42.txt	1
22	0	software_carbon/Emissionintensity_50.txt	1
22	0	software_carbon/Emissionintensity_52.txt	1
22	0	software_carbon/Emissionintensity_49.txt	1
22	0	software_carbon/Emissionintensity_53.txt	1
22	0	software_carbon/Globalwarmingpotential_95.txt	1
22	0	software_carbon/Emissionintensity_46.txt	1
22	0	software_carbon/Emissionintensity_48.txt	1
22	0	software_carbon/Globalwarmingpotential_90.txt	1
22	0	software_carbon/Globalwarmingpotential_91.txt	1
22	0	software_carbon/Emissionintensity_56.txt	1
22	0	software_carbon/Emissionintensity_57.txt	1
22	0	software_carbon/Emissionintensity_54.txt	1
23	0	nuclear_full/Loadfollowingpowerplant_64.txt	1
23	0	nuclear_full/Loadfollowingpowerplant_63.txt	1
23	0	nuclear_full/Loadfollowingpowerplant_62.txt	1
24	0	almond_milk/cawatercapstone1pdf_4.txt	1
24	0	almond_milk/cawatercapstone1pdf_0.txt	1
24	0	almond_milk/cawatercapstone1pdf_2.txt	1
24	0	almond_milk/cawatercapstone1pdf_7.txt	1
24	0	almond_milk/cawatercapstone1pdf_5.txt	1
24	0	almond_milk/cawatercapstone1pdf_6.txt	1
24	0	almond_milk/cawatercapstone1pdf_1.txt	1
24	0	almond_milk/cawatercapstone1pdf_3.txt	1
25	0	lithium_mining/SalardeAtacama_61.txt	1
25	0	lithium_mining/SalardeAtacama_60.txt	1
25	0	lithium_mining/SalardeAtacama_43.txt	1
25	0	lithium_mining/SalardeAtacama_62.txt	1
25	0	lithium_mining/SalardeAtacama_59.txt	1
26	0	residential_roof/cost_26.txt	1
26	0	residential_roof/cost_14.txt	1
26	0	residential_roof/cost_16.txt	1
26	0	residential_roof/cost_12.txt	1
26	0	residential_roof/cost_18.txt	1
26	0	residential_roof/cost_17.txt	1
26	0	residential_roof/cost_25.txt	1
26	0	residential_roof/cost_15.txt	1
27	0	oil_gas/wells_83.txt	1
28	0	portable_fan/ENERGYSTARStrategicVisionandGuidingPrinciplespdf_4.txt	1
28	0	portable_fan/ENERGYSTARStrategicVisionandGuidingPrinciplespdf_7.txt	1
28	0	portable_fan/ENERGYSTARStrategicVisionandGuidingPrinciplespdf_5.txt	1
28	0	portable_fan/ENERGYSTARStrategicVisionandGuidingPrinciplespdf_6.txt	1
28	0	portable_fan/ENERGYSTARStrategicVisionandGuidingPrinciplespdf_11.txt	1
28	0	portable_fan/ENERGYSTARStrategicVisionandGuidingPrinciplespdf_3.txt	1
28	0	portable_fan/ENERGYSTARStrategicVisionandGuidingPrinciplespdf_9.txt	1
28	0	portable_fan/ENERGYSTARStrategicVisionandGuidingPrinciplespdf_8.txt	1
28	0	portable_fan/ENERGYSTARStrategicVisionandGuidingPrinciplespdf_10.txt	1
29	0	solar_car/Solarcellefficiency_40.txt	1
29	0	solar_car/Solarcellefficiency_43.txt	1
29	0	solar_car/Solarcellefficiency_42.txt	1
29	0	solar_car/Solarcellefficiency_41.txt	1
29	0	solar_car/Solarcellefficiency_44.txt	1
30	0	low_surface/Myson20U20Low20Radiator20Brochure201pdf_1.txt	1
30	0	low_surface/Condensingboiler_3.txt	1
30	0	low_surface/Condensingboiler_7.txt	1
31	0	inefficient_driving/rderealdrivingemissionstest_1.txt	1
32	0	climate_change_tree/onetonnecarbontreediscussionpaper3pdf_0.txt	1
32	0	climate_change_tree/onetonnecarbontreediscussionpaper3pdf_1.txt	1
32	0	climate_change_tree/onetonnecarbontreediscussionpaper3pdf_2.txt	1
33	0	mineral_deposit/faq_16.txt	1
34	0	carbon_footprint_product/lcihtmlutmmediumpagemoveutmsourceanalysisutmcampaignlci_1.txt	1
34	0	carbon_footprint_product/lcihtmlutmmediumpagemoveutmsourceanalysisutmcampaignlci_2.txt	1
35	0	yolk_egg/areeggsgoodformybird390604_8.txt	1
35	0	yolk_egg/areeggsgoodformybird390604_4.txt	1
35	0	yolk_egg/areeggsgoodformybird390604_1.txt	1
35	0	yolk_egg/areeggsgoodformybird390604_6.txt	1
35	0	yolk_egg/areeggsgoodformybird390604_7.txt	1
35	0	yolk_egg/areeggsgoodformybird390604_2.txt	1
35	0	yolk_egg/areeggsgoodformybird390604_5.txt	1
35	0	yolk_egg/areeggsgoodformybird390604_9.txt	1
35	0	yolk_egg/areeggsgoodformybird390604_3.txt	1
36	0	plastic_burn/000104064534htm_11.txt	1
36	0	plastic_burn/000104064534htm_3.txt	1
36	0	plastic_burn/000104064534htm_6.txt	1
36	0	plastic_burn/000104064534htm_1.txt	1
36	0	plastic_burn/000104064534htm_4.txt	1
36	0	plastic_burn/000104064534htm_5.txt	1
36	0	plastic_burn/000104064534htm_8.txt	1
36	0	plastic_burn/000104064534htm_7.txt	1
36	0	plastic_burn/000104064534htm_9.txt	1
37	0	sustainable_christmas/certificationamericantreefarmsystem_7.txt	1
37	0	sustainable_christmas/certificationamericantreefarmsystem_8.txt	1
37	0	sustainable_christmas/certificationamericantreefarmsystem_9.txt	1
37	0	sustainable_christmas/certificationamericantreefarmsystem_3.txt	1
37	0	sustainable_christmas/certificationamericantreefarmsystem_6.txt	1
37	0	sustainable_christmas/certificationamericantreefarmsystem_4.txt	1
37	0	sustainable_christmas/certificationamericantreefarmsystem_5.txt	1
38	0	train_station/PMC8672270_12.txt	1
38	0	train_station/PMC2801144_27.txt	1
38	0	train_station/PMC8672270_14.txt	1
38	0	train_station/PMC8672270_10.txt	1
38	0	train_station/PMC8672270_11.txt	1
38	0	train_station/PMC2801144_37.txt	1
39	0	wood_metal/pn03pdf_21.txt	1
39	0	wood_metal/pn03pdf_20.txt	1
39	0	wood_metal/pn03pdf_4.txt	1
39	0	wood_metal/pn03pdf_17.txt	1
39	0	wood_metal/pn03pdf_19.txt	1
39	0	wood_metal/pn03pdf_24.txt	1
39	0	wood_metal/pn03pdf_22.txt	1
39	0	wood_metal/pn03pdf_23.txt	1
39	0	wood_metal/pn03pdf_5.txt	1
40	0	ceremics/pageid56_8.txt	1
40	0	ceremics/pageid56_9.txt	1
41	0	foam/whatkindofpolyethylenematerialcanberecycledhtml_3.txt	1
41	0	foam/whatkindofpolyethylenematerialcanberecycledhtml_4.txt	1
41	0	foam/Expandedpolyethylene_4.txt	1
42	0	food_compost/whathappensfoodscrapsarethrownaway_23.txt	1
42	0	food_compost/whathappensfoodscrapsarethrownaway_21.txt	1
42	0	food_compost/whathappensfoodscrapsarethrownaway_24.txt	1
42	0	food_compost/whathappensfoodscrapsarethrownaway_20.txt	1
42	0	food_compost/whathappensfoodscrapsarethrownaway_22.txt	1
42	0	food_compost/whathappensfoodscrapsarethrownaway_19.txt	1
43	0	micro_bead/Polyacrylamide_53.txt	1
43	0	micro_bead/Polyacrylamide_55.txt	1
44	0	data_center_heat/wasteheatenergyreusehtml_9.txt	1
45	0	meal_kit/comparisonlifecycleenvironmentalimpactsmealkitsand_37.txt	1
46	0	public_transport/meetthespreadsheetthatcansolvenyctransitandthemanwhomadeit_36.txt	1
46	0	public_transport/meetthespreadsheetthatcansolvenyctransitandthemanwhomadeit_54.txt	1
47	0	non_organic/section205203_2.txt	1
48	0	video_power/uhdtvenergyuseESpdf_4.txt	1
48	0	video_power/uhdtvenergyuseESpdf_7.txt	1
48	0	video_power/uhdtvenergyuseESpdf_3.txt	1
48	0	video_power/uhdtvenergyuseESpdf_9.txt	1
48	0	video_power/uhdtvenergyuseESpdf_8.txt	1
48	0	video_power/uhdtvenergyuseESpdf_2.txt	1
48	0	video_power/uhdtvenergyuseESpdf_5.txt	1
48	0	video_power/uhdtvenergyuseESpdf_13.txt	1
48	0	video_power/uhdtvenergyuseESpdf_6.txt	1
48	0	video_power/uhdtvenergyuseESpdf_11.txt	1
48	0	video_power/uhdtvenergyuseESpdf_15.txt	1
48	0	video_power/uhdtvenergyuseESpdf_10.txt	1
48	0	video_power/uhdtvenergyuseESpdf_14.txt	1
48	0	video_power/uhdtvenergyuseESpdf_0.txt	1
48	0	video_power/uhdtvenergyuseESpdf_1.txt	1
48	0	video_power/uhdtvenergyuseESpdf_12.txt	1
48	0	video_power/uhdtvenergyuseESpdf_16.txt	1
49	0	soy_ink/Soyink_57.txt	1
49	0	soy_ink/Soyink_58.txt	1
50	0	shutdown_sleep/indexhtm_5.txt	1
50	0	shutdown_sleep/indexhtm_6.txt	1
51	0	tcf/CFDiscshtml_12.txt	1
52	0	per_capital/Listofcountriesbyenergyconsumptionpercapita_38.txt	1
52	0	per_capital/ListofcountriesbyGDP28PPP29percapita_63.txt	1
53	0	rebound/Reboundeffectconservation_13.txt	1
53	0	rebound/Reboundeffectconservation_11.txt	1
53	0	rebound/Reboundeffectconservation_12.txt	1
53	0	rebound/Reboundeffectconservation_4.txt	1
53	0	rebound/Reboundeffectconservation_5.txt	1
53	0	rebound/Reboundeffectconservation_10.txt	1
53	0	rebound/Reboundeffectconservation_9.txt	1
53	0	rebound/Reboundeffectconservation_6.txt	1
53	0	rebound/Reboundeffectconservation_3.txt	1
53	0	rebound/Reboundeffectconservation_7.txt	1
53	0	rebound/Reboundeffectconservation_8.txt	1
54	0	palm_oil/questionsandanswers_7.txt	1
55	0	credit_card/shopclimecocom_1.txt	1
55	0	credit_card/shopclimecocom_2.txt	1
55	0	credit_card/responsiblecreditcards_3.txt	1
55	0	credit_card/responsiblecreditcards_2.txt	1
55	0	credit_card/responsiblecreditcards_4.txt	1
55	0	credit_card/shopclimecocom_3.txt	1
56	0	certificate/2562pdf_21.txt	1
57	0	water/Pumpedstoragehydroelectricity_4.txt	1
57	0	water/Pumpedstoragehydroelectricity_9.txt	1
57	0	water/Pumpedstoragehydroelectricity_12.txt	1
57	0	water/Pumpedstoragehydroelectricity_5.txt	1
58	0	toilet_paper/ToiletPaperChoicesphp_12.txt	1
58	0	toilet_paper/ToiletPaperChoicesphp_7.txt	1
58	0	toilet_paper/ToiletPaperChoicesphp_6.txt	1
58	0	toilet_paper/ToiletPaperChoicesphp_15.txt	1
58	0	toilet_paper/ToiletPaperChoicesphp_10.txt	1
59	0	chicken_lawn/howstartfoodforest4863665_2.txt	1
60	0	hemp/Hemp_43.txt	1
60	0	hemp/Cotton_4.txt	1
61	0	meat_chicken/Feedconversionrateforchickens_9.txt	1
62	0	bike_pedal/faqphpid97t3_115.txt	1
62	0	bike_pedal/Bicycleperformance_50.txt	1
62	0	bike_pedal/faqphpid97t3_114.txt	1
63	0	rent_solar/wwwyelohacom_10.txt	1
64	0	shredded_paper/startownmanuresellingbusiness12516html_1.txt	1
65	0	coffee_ground/plantsshrubslikecoffeegrounds18059356php_8.txt	1
65	0	coffee_ground/plantsshrubslikecoffeegrounds18059356php_5.txt	1
65	0	coffee_ground/plantsshrubslikecoffeegrounds18059356php_9.txt	1
65	0	coffee_ground/plantsshrubslikecoffeegrounds18059356php_4.txt	1
66	0	water_plant/SolubleSalts_1.txt	1
66	0	water_plant/SolubleSalts_3.txt	1
66	0	water_plant/SolubleSalts_0.txt	1
66	0	water_plant/SolubleSalts_4.txt	1
66	0	water_plant/SolubleSalts_2.txt	1
67	0	b12/VitaminB12_39.txt	1
67	0	b12/VitaminB12_40.txt	1
67	0	b12/VitaminB12_41.txt	1
68	0	horse_commute/horsesandmanure_25.txt	1
68	0	horse_commute/horsesandmanure_26.txt	1
68	0	horse_commute/horsesandmanure_31.txt	1
68	0	horse_commute/horsesandmanure_23.txt	1
68	0	horse_commute/horsesandmanure_29.txt	1
68	0	horse_commute/horsesandmanure_27.txt	1
68	0	horse_commute/horsesandmanure_24.txt	1
68	0	horse_commute/horsesandmanure_21.txt	1
68	0	horse_commute/horsesandmanure_20.txt	1
68	0	horse_commute/horsesandmanure_28.txt	1
69	0	tea_tree_oil/teatreeoil_25.txt	1
69	0	tea_tree_oil/teatreeoil_20.txt	1
69	0	tea_tree_oil/teatreeoil_23.txt	1
69	0	tea_tree_oil/teatreeoil_24.txt	1
69	0	tea_tree_oil/teatreeoil_9.txt	1
69	0	tea_tree_oil/teatreeoil_21.txt	1
70	0	banana_peel/Arebananapeelshigherinpotassiumandmagnesiumthanthefruititself_9.txt	1
70	0	banana_peel/Arebananapeelshigherinpotassiumandmagnesiumthanthefruititself_1.txt	1
70	0	banana_peel/Arebananapeelshigherinpotassiumandmagnesiumthanthefruititself_2.txt	1
70	0	banana_peel/Arebananapeelshigherinpotassiumandmagnesiumthanthefruititself_3.txt	1
70	0	banana_peel/Arebananapeelshigherinpotassiumandmagnesiumthanthefruititself_0.txt	1
70	0	banana_peel/Arebananapeelshigherinpotassiumandmagnesiumthanthefruititself_10.txt	1
71	0	biochar/TRMiles20052020200920PNWBiocharpdf_9.txt	1
72	0	wood_pallet/woodpellets_2.txt	1
72	0	wood_pallet/woodpellets_6.txt	1
72	0	wood_pallet/woodpellets_4.txt	1
72	0	wood_pallet/woodpellets_3.txt	1
72	0	wood_pallet/woodpellets_9.txt	1
72	0	wood_pallet/woodpellets_7.txt	1
72	0	wood_pallet/woodpellets_5.txt	1
72	0	wood_pallet/woodpellets_8.txt	1
73	0	bokashi/bcm_8.txt	1
73	0	bokashi/bcm_5.txt	1
74	0	solar/powersolarpanelsproduce_59.txt	1
74	0	solar/powersolarpanelsproduce_23.txt	1
75	0	bacon_grease/axzz2yzIEoMf9_37.txt	1
76	0	pvc/Polyvinylchloride_38.txt	1
76	0	pvc/Polyvinylchloride_33.txt	1
76	0	pvc/Polyvinylchloride_39.txt	1
76	0	pvc/Polyvinylchloride_34.txt	1
76	0	pvc/Polyvinylchloride_40.txt	1
76	0	pvc/Polyvinylchloride_35.txt	1
76	0	pvc/Polyvinylchloride_37.txt	1
76	0	pvc/Polyvinylchloride_36.txt	1
77	0	mosquito/9427576_31.txt	1
77	0	mosquito/9427576_24.txt	1
77	0	mosquito/9427576_32.txt	1
77	0	mosquito/9427576_26.txt	1
77	0	mosquito/9427576_33.txt	1
77	0	mosquito/9427576_28.txt	1
77	0	mosquito/9427576_29.txt	1
77	0	mosquito/9427576_30.txt	1
77	0	mosquito/9427576_25.txt	1
77	0	mosquito/9427576_27.txt	1
78	0	vegetarian/pimentelpimentel03pdf_2.txt	1
78	0	vegetarian/pimentelpimentel03pdf_0.txt	1
78	0	vegetarian/pimentelpimentel03pdf_4.txt	1
78	0	vegetarian/pimentelpimentel03pdf_1.txt	1
78	0	vegetarian/pimentelpimentel03pdf_3.txt	1
79	0	pilot_light/indexxhtml_7.txt	1
80	0	road_damage/Crossslope_38.txt	1
81	0	earth_warm/geothermalenergymarketglobalindustryanalysissizesharegrowthtrendsandforecast20122018262290htm_12.txt	1
81	0	earth_warm/geothermalenergymarketglobalindustryanalysissizesharegrowthtrendsandforecast20122018262290htm_11.txt	1
82	0	tea_bag/compostingteabags_2.txt	1
82	0	tea_bag/compostingteabags_1.txt	1
82	0	tea_bag/compostingteabags_3.txt	1
83	0	small_solar/wwwbuilditsolarcom_15.txt	1
83	0	small_solar/wwwbuilditsolarcom_1.txt	1
83	0	small_solar/wwwbuilditsolarcom_6.txt	1
83	0	small_solar/wwwbuilditsolarcom_3.txt	1
83	0	small_solar/wwwbuilditsolarcom_4.txt	1
83	0	small_solar/wwwbuilditsolarcom_5.txt	1
83	0	small_solar/wwwbuilditsolarcom_2.txt	1
84	0	ratten/1714PDFpdf_4.txt	1
84	0	ratten/1714PDFpdf_2.txt	1
84	0	ratten/1714PDFpdf_3.txt	1
84	0	ratten/1714PDFpdf_1.txt	1
84	0	ratten/1714PDFpdf_5.txt	1
84	0	ratten/1714PDFpdf_6.txt	1
85	0	car_rail/Rollingresistance_13.txt	1
86	0	orange_peel/diycleaningspray_1.txt	1
87	0	pesticide/NeonicotinoidAvailableneonicotinoidinsecticides_7.txt	1
88	0	natural_light/instantlyimprovinglightingindarkroomsespaciellightreflector_84.txt	1
89	0	alle/21137325_125.txt	1
90	0	recycle_cloth/whatistheenergyprofileofthetextileindustry_12.txt	1
91	0	grey_water/22508136_126.txt	1
92	0	sea_water/FULLTEXT01pdf_9.txt	1
92	0	sea_water/FULLTEXT01pdf_1.txt	1
92	0	sea_water/FULLTEXT01pdf_7.txt	1
92	0	sea_water/FULLTEXT01pdf_0.txt	1
92	0	sea_water/FULLTEXT01pdf_8.txt	1
92	0	sea_water/FULLTEXT01pdf_6.txt	1
92	0	sea_water/FULLTEXT01pdf_4.txt	1
92	0	sea_water/FULLTEXT01pdf_2.txt	1
92	0	sea_water/FULLTEXT01pdf_11.txt	1
92	0	sea_water/FULLTEXT01pdf_5.txt	1
92	0	sea_water/FULLTEXT01pdf_10.txt	1
93	0	aquaponics/Gaslift_6.txt	1
93	0	aquaponics/Gaslift_4.txt	1
94	0	renewable_energy/241RaugeiEROIEPrevisedII201203VMFpdf_5.txt	1
94	0	renewable_energy/241RaugeiEROIEPrevisedII201203VMFpdf_6.txt	1
94	0	renewable_energy/241RaugeiEROIEPrevisedII201203VMFpdf_7.txt	1
95	0	fresh_air_car/useherbsasanallnaturalairfreshener5944860_14.txt	1
96	0	smoke_detector/smoke_alarm_13.txt	1
96	0	smoke_detector/smoke_alarm_19.txt	1
97	0	mosquito_control/insectscreenshongkongcom_28.txt	1
98	0	ant/Boricacid_102.txt	1
98	0	ant/Boricacid_182.txt	1
98	0	ant/Boricacid_179.txt	1
99	0	rain_water/designingadiyslowsandfilterwhattoconsider_18.txt	1
99	0	rain_water/designingadiyslowsandfilterwhattoconsider_16.txt	1
99	0	rain_water/designingadiyslowsandfilterwhattoconsider_31.txt	1
99	0	rain_water/designingadiyslowsandfilterwhattoconsider_29.txt	1
99	0	rain_water/designingadiyslowsandfilterwhattoconsider_14.txt	1
99	0	rain_water/designingadiyslowsandfilterwhattoconsider_20.txt	1
99	0	rain_water/designingadiyslowsandfilterwhattoconsider_27.txt	1
99	0	rain_water/designingadiyslowsandfilterwhattoconsider_24.txt	1
99	0	rain_water/designingadiyslowsandfilterwhattoconsider_21.txt	1
99	0	rain_water/designingadiyslowsandfilterwhattoconsider_22.txt	1
99	0	rain_water/designingadiyslowsandfilterwhattoconsider_15.txt	1
99	0	rain_water/designingadiyslowsandfilterwhattoconsider_30.txt	1
99	0	rain_water/designingadiyslowsandfilterwhattoconsider_23.txt	1
99	0	rain_water/designingadiyslowsandfilterwhattoconsider_28.txt	1
99	0	rain_water/designingadiyslowsandfilterwhattoconsider_17.txt	1
99	0	rain_water/designingadiyslowsandfilterwhattoconsider_25.txt	1
99	0	rain_water/designingadiyslowsandfilterwhattoconsider_19.txt	1
99	0	rain_water/designingadiyslowsandfilterwhattoconsider_26.txt	1
100	0	water_circulate/detailsofplumbing_36.txt	1
100	0	water_circulate/detailsofplumbing_42.txt	1
100	0	water_circulate/detailsofplumbing_44.txt	1
100	0	water_circulate/detailsofplumbing_26.txt	1
100	0	water_circulate/detailsofplumbing_28.txt	1
100	0	water_circulate/detailsofplumbing_38.txt	1
100	0	water_circulate/detailsofplumbing_25.txt	1
100	0	water_circulate/detailsofplumbing_30.txt	1
100	0	water_circulate/detailsofplumbing_34.txt	1
100	0	water_circulate/detailsofplumbing_32.txt	1
101	0	sustainable_bottle/energyrecycleglassbottlesvsaluminumcansvsplastic2376html_67.txt	1
101	0	sustainable_bottle/energyrecycleglassbottlesvsaluminumcansvsplastic2376html_69.txt	1
101	0	sustainable_bottle/energyrecycleglassbottlesvsaluminumcansvsplastic2376html_71.txt	1
101	0	sustainable_bottle/energyrecycleglassbottlesvsaluminumcansvsplastic2376html_65.txt	1
102	0	asparagas/ollasunglazedclaypotsforgardenirrigation_20.txt	1
102	0	asparagas/ollasunglazedclaypotsforgardenirrigation_23.txt	1
102	0	asparagas/ollasunglazedclaypotsforgardenirrigation_29.txt	1
102	0	asparagas/ollasunglazedclaypotsforgardenirrigation_19.txt	1
102	0	asparagas/ollasunglazedclaypotsforgardenirrigation_28.txt	1
102	0	asparagas/ollasunglazedclaypotsforgardenirrigation_30.txt	1
102	0	asparagas/ollasunglazedclaypotsforgardenirrigation_21.txt	1
102	0	asparagas/ollasunglazedclaypotsforgardenirrigation_27.txt	1
103	0	deodorant/greatbigplasticfreenontoxicdeodorantreview_5.txt	1
103	0	deodorant/greatbigplasticfreenontoxicdeodorantreview_7.txt	1
103	0	deodorant/greatbigplasticfreenontoxicdeodorantreview_9.txt	1
103	0	deodorant/greatbigplasticfreenontoxicdeodorantreview_6.txt	1
104	0	sustainable_plastic/Bioplastic_10.txt	1
104	0	sustainable_plastic/Bioplastic_18.txt	1
104	0	sustainable_plastic/Bioplastic_5.txt	1
104	0	sustainable_plastic/Bioplastic_8.txt	1
104	0	sustainable_plastic/Bioplastic_14.txt	1
104	0	sustainable_plastic/Bioplastic_11.txt	1
104	0	sustainable_plastic/Bioplastic_19.txt	1
104	0	sustainable_plastic/Bioplastic_21.txt	1
104	0	sustainable_plastic/Bioplastic_16.txt	1
104	0	sustainable_plastic/Bioplastic_20.txt	1
104	0	sustainable_plastic/Bioplastic_13.txt	1
104	0	sustainable_plastic/Bioplastic_3.txt	1
104	0	sustainable_plastic/Bioplastic_17.txt	1
104	0	sustainable_plastic/Bioplastic_15.txt	1
104	0	sustainable_plastic/Bioplastic_12.txt	1
104	0	sustainable_plastic/Bioplastic_9.txt	1
105	0	siphon/siphonrevisedhtml_4.txt	1
106	0	hybrid_cars/Lifecycleassessment_19.txt	1
106	0	hybrid_cars/Lifecycleassessment_15.txt	1
106	0	hybrid_cars/Lifecycleassessment_31.txt	1
106	0	hybrid_cars/Lifecycleassessment_28.txt	1
106	0	hybrid_cars/Lifecycleassessment_25.txt	1
106	0	hybrid_cars/Lifecycleassessment_29.txt	1
106	0	hybrid_cars/Lifecycleassessment_17.txt	1
106	0	hybrid_cars/Lifecycleassessment_18.txt	1
106	0	hybrid_cars/Lifecycleassessment_6.txt	1
106	0	hybrid_cars/Lifecycleassessment_32.txt	1
106	0	hybrid_cars/Lifecycleassessment_10.txt	1
106	0	hybrid_cars/Lifecycleassessment_21.txt	1
106	0	hybrid_cars/Lifecycleassessment_5.txt	1
106	0	hybrid_cars/Lifecycleassessment_23.txt	1
106	0	hybrid_cars/Lifecycleassessment_20.txt	1
106	0	hybrid_cars/Lifecycleassessment_8.txt	1
106	0	hybrid_cars/Lifecycleassessment_9.txt	1
106	0	hybrid_cars/Lifecycleassessment_11.txt	1
106	0	hybrid_cars/Lifecycleassessment_26.txt	1
106	0	hybrid_cars/Lifecycleassessment_7.txt	1
106	0	hybrid_cars/Lifecycleassessment_22.txt	1
106	0	hybrid_cars/Lifecycleassessment_14.txt	1
106	0	hybrid_cars/Lifecycleassessment_4.txt	1
106	0	hybrid_cars/Lifecycleassessment_30.txt	1
106	0	hybrid_cars/Lifecycleassessment_16.txt	1
106	0	hybrid_cars/Lifecycleassessment_13.txt	1
106	0	hybrid_cars/Lifecycleassessment_24.txt	1
106	0	hybrid_cars/Lifecycleassessment_3.txt	1
106	0	hybrid_cars/Lifecycleassessment_12.txt	1
106	0	hybrid_cars/Lifecycleassessment_27.txt	1
107	0	boreal_forest/Silvopasture_6.txt	1
107	0	boreal_forest/Silvopasture_8.txt	1
107	0	boreal_forest/Silvopasture_5.txt	1
107	0	boreal_forest/Silvopasture_4.txt	1
107	0	boreal_forest/Silvopasture_10.txt	1
107	0	boreal_forest/Silvopasture_9.txt	1
107	0	boreal_forest/Silvopasture_13.txt	1
107	0	boreal_forest/Silvopasture_3.txt	1
107	0	boreal_forest/Silvopasture_12.txt	1
107	0	boreal_forest/Silvopasture_7.txt	1
107	0	boreal_forest/Silvopasture_11.txt	1
